Chapa;Material;Espessura_mm;Instancia;Modulo;Peca;PecaX_mm;PecaY_mm;PecaL_mm;PecaA_mm;Rotacionada;FuroTipo;Aresta;LocalX_mm;LocalY_mm;ChapaX_mm;ChapaY_mm;Diametro_mm;Profundidade_mm
1;MDF Branco;18;12;3P 1200mm;Base inferior;10;10;544;1164;Sim;MinifixDowel;Front;50;37;47;1124;5;10
1;MDF Branco;18;12;3P 1200mm;Base inferior;10;10;544;1164;Sim;MinifixDowel;Front;1114;37;47;60;5;10
1;MDF Branco;18;13;3P 1200mm;Tampo interno;10;1177;1164;544;Não;MinifixDowel;Front;50;37;60;1214;5;10
1;MDF Branco;18;13;3P 1200mm;Tampo interno;10;1177;1164;544;Não;MinifixDowel;Front;1114;37;1124;1214;5;10
1;MDF Branco;18;15;3P 1200mm;Prateleira;557;10;524;1160;Sim;MinifixDowel;Front;50;37;594;1120;5;10
1;MDF Branco;18;15;3P 1200mm;Prateleira;557;10;524;1160;Sim;MinifixDowel;Front;1110;37;594;60;5;10
1;MDF Branco;18;1;2P 800mm;Lateral;1084;10;550;850;Não;MinifixCam;Front;37;50;1121;60;15;13
1;MDF Branco;18;1;2P 800mm;Lateral;1084;10;550;850;Não;MinifixCam;Front;37;800;1121;810;15;13
1;MDF Branco;18;2;2P 800mm;Lateral;1177;863;550;850;Não;MinifixCam;Front;37;50;1214;913;15;13
1;MDF Branco;18;2;2P 800mm;Lateral;1177;863;550;850;Não;MinifixCam;Front;37;800;1214;1663;15;13
1;MDF Branco;18;10;3P 1200mm;Lateral;1637;10;550;850;Não;MinifixCam;Front;37;50;1674;60;15;13
1;MDF Branco;18;10;3P 1200mm;Lateral;1637;10;550;850;Não;MinifixCam;Front;37;800;1674;810;15;13
1;MDF Branco;18;11;3P 1200mm;Lateral;1730;863;550;850;Não;MinifixCam;Front;37;50;1767;913;15;13
1;MDF Branco;18;11;3P 1200mm;Lateral;1730;863;550;850;Não;MinifixCam;Front;37;800;1767;1663;15;13
1;MDF Branco;18;3;2P 800mm;Base inferior;2190;10;544;764;Sim;MinifixDowel;Front;50;37;2227;724;5;10
1;MDF Branco;18;3;2P 800mm;Base inferior;2190;10;544;764;Sim;MinifixDowel;Front;714;37;2227;60;5;10
1;MDF Branco;18;7;2P 800mm;Frente porta 1;2283;777;396;842;Não;HingeCup;Right;374;100;2657;877;35;13
1;MDF Branco;18;7;2P 800mm;Frente porta 1;2283;777;396;842;Não;HingeCup;Right;374;742;2657;1519;35;13
1;MDF Branco;18;19;3P 1200mm;Sarrafo;10;1724;1164;65;Não;MinifixDowel;Front;50;37;60;1761;5;10
1;MDF Branco;18;19;3P 1200mm;Sarrafo;10;1724;1164;65;Não;MinifixDowel;Front;1114;37;1124;1761;5;10
1;MDF Branco;18;38;Aéreo 2P 800mm;Sarrafo;1177;1716;764;70;Não;MinifixDowel;Front;50;37;1227;1753;5;10
1;MDF Branco;18;38;Aéreo 2P 800mm;Sarrafo;1177;1716;764;70;Não;MinifixDowel;Front;714;37;1891;1753;5;10
2;MDF Branco;18;20;4G 400mm;Lateral;10;10;550;850;Não;MinifixCam;Front;37;50;47;60;15;13
2;MDF Branco;18;20;4G 400mm;Lateral;10;10;550;850;Não;MinifixCam;Front;37;800;47;810;15;13
2;MDF Branco;18;21;4G 400mm;Lateral;10;863;550;850;Não;MinifixCam;Front;37;50;47;913;15;13
2;MDF Branco;18;21;4G 400mm;Lateral;10;863;550;850;Não;MinifixCam;Front;37;800;47;1663;15;13
2;MDF Branco;18;4;2P 800mm;Tampo interno;563;10;544;764;Sim;MinifixDowel;Front;50;37;600;724;5;10
2;MDF Branco;18;4;2P 800mm;Tampo interno;563;10;544;764;Sim;MinifixDowel;Front;714;37;600;60;5;10
2;MDF Branco;18;6;2P 800mm;Prateleira;563;777;524;760;Sim;MinifixDowel;Front;50;37;600;1487;5;10
2;MDF Branco;18;6;2P 800mm;Prateleira;563;777;524;760;Sim;MinifixDowel;Front;710;37;600;827;5;10
2;MDF Branco;18;8;2P 800mm;Frente porta 2;1090;777;396;842;Não;HingeCup;Left;22;100;1112;877;35;13
2;MDF Branco;18;8;2P 800mm;Frente porta 2;1090;777;396;842;Não;HingeCup;Left;22;742;1112;1519;35;13
2;MDF Branco;18;16;3P 1200mm;Frente porta 1;1110;10;842;396;Sim;HingeCup;Right;374;100;1210;32;35;13
2;MDF Branco;18;16;3P 1200mm;Frente porta 1;1110;10;842;396;Sim;HingeCup;Right;374;742;1852;32;35;13
2;MDF Branco;18;17;3P 1200mm;Frente porta 2;1955;10;396;842;Não;HingeCup;Left;22;100;1977;110;35;13
2;MDF Branco;18;17;3P 1200mm;Frente porta 2;1955;10;396;842;Não;HingeCup;Left;22;742;1977;752;35;13
2;MDF Branco;18;18;3P 1200mm;Frente porta 3;1489;409;396;842;Não;HingeCup;Right;374;100;1863;509;35;13
2;MDF Branco;18;18;3P 1200mm;Frente porta 3;1489;409;396;842;Não;HingeCup;Right;374;742;1863;1151;35;13
2;MDF Branco;18;36;Aéreo 2P 800mm;Frente porta 1;1888;855;712;396;Sim;HingeCup;Right;374;100;1988;877;35;13
2;MDF Branco;18;36;Aéreo 2P 800mm;Frente porta 1;1888;855;712;396;Sim;HingeCup;Right;374;612;2500;877;35;13
2;MDF Branco;18;37;Aéreo 2P 800mm;Frente porta 2;1489;1254;712;396;Sim;HingeCup;Left;22;100;1589;1628;35;13
2;MDF Branco;18;37;Aéreo 2P 800mm;Frente porta 2;1489;1254;712;396;Sim;HingeCup;Left;22;612;2101;1628;35;13
2;MDF Branco;18;32;Aéreo 2P 800mm;Base inferior;2354;10;344;764;Sim;MinifixDowel;Front;50;37;2391;724;5;10
2;MDF Branco;18;32;Aéreo 2P 800mm;Base inferior;2354;10;344;764;Sim;MinifixDowel;Front;714;37;2391;60;5;10
2;MDF Branco;18;22;4G 400mm;Base inferior;2204;1254;364;544;Não;MinifixDowel;Front;50;37;2254;1291;5;10
2;MDF Branco;18;22;4G 400mm;Base inferior;2204;1254;364;544;Não;MinifixDowel;Front;314;37;2518;1291;5;10
2;MDF Branco;18;9;2P 800mm;Sarrafo;2603;777;65;764;Sim;MinifixDowel;Front;50;37;2640;1491;5;10
2;MDF Branco;18;9;2P 800mm;Sarrafo;2603;777;65;764;Sim;MinifixDowel;Front;714;37;2640;827;5;10
2;MDF Branco;18;29;4G 400mm;Sarrafo;1110;409;65;364;Sim;MinifixDowel;Front;50;37;1147;723;5;10
2;MDF Branco;18;29;4G 400mm;Sarrafo;1110;409;65;364;Sim;MinifixDowel;Front;314;37;1147;459;5;10
3;MDF Branco;18;33;Aéreo 2P 800mm;Tampo interno;10;10;344;764;Sim;MinifixDowel;Front;50;37;47;724;5;10
3;MDF Branco;18;33;Aéreo 2P 800mm;Tampo interno;10;10;344;764;Sim;MinifixDowel;Front;714;37;47;60;5;10
3;MDF Branco;18;30;Aéreo 2P 800mm;Lateral;10;777;350;720;Não;MinifixCam;Front;37;50;47;827;15;13
3;MDF Branco;18;30;Aéreo 2P 800mm;Lateral;10;777;350;720;Não;MinifixCam;Front;37;670;47;1447;15;13
3;MDF Branco;18;31;Aéreo 2P 800mm;Lateral;357;10;350;720;Não;MinifixCam;Front;37;50;394;60;15;13
3;MDF Branco;18;31;Aéreo 2P 800mm;Lateral;357;10;350;720;Não;MinifixCam;Front;37;670;394;680;15;13
3;MDF Branco;18;35;Aéreo 2P 800mm;Prateleira;10;1500;760;324;Não;MinifixDowel;Front;50;37;60;1537;5;10
3;MDF Branco;18;35;Aéreo 2P 800mm;Prateleira;10;1500;760;324;Não;MinifixDowel;Front;710;37;720;1537;5;10
3;MDF Branco;18;23;4G 400mm;Tampo interno;363;733;364;544;Não;MinifixDowel;Front;50;37;413;770;5;10
3;MDF Branco;18;23;4G 400mm;Tampo interno;363;733;364;544;Não;MinifixDowel;Front;314;37;677;770;5;10
